{
  "pageModelVersion": "19.1.5",
  "title": "Enter Information",
  "description": "",
  "variables": {
    "data": {
      "type": {
        "answer1": "string",
        "answer2": "string",
        "postbackURL": "string"
      },
      "defaultValue": {
        "answer1": "{{ $application.initParams.name }}",
        "answer2": "{{ $application.initParams.amount }}",
        "postbackURL": "{{ $application.initParams.postbackURL }}"
      }
    },
    "disputeReason": {
      "type": "string",
      "defaultValue": "0"
    },
    "cancelDispute": {
      "type": "string",
      "defaultValue": "Dispute was not submitted."
    }
  },
  "metadata": {},
  "types": {},
  "chains": {
    "submitDisputeFn": {
      "description": "",
      "variables": {
        "detail": {
          "required": true,
          "type": "any",
          "input": "fromCaller"
        }
      },
      "root": "submitDisputeCallModuleFn",
      "actions": {
        "submitDisputeCallModuleFn": {
          "module": "vb/action/builtin/callModuleFunctionAction",
          "parameters": {
            "module": "{{$flow.functions}}",
            "functionName": "submitDisputeInfoToDA",
            "params": [
              "{{ $page.variables.data.postbackURL }}",
              "{{ $page.variables.disputeReason }}"
            ]
          },
          "outcomes": {
            "success": "navigateToPage1"
          }
        },
        "navigateToPage1": {
          "module": "vb/action/builtin/navigateToPageAction",
          "parameters": {
            "page": "main-thanks"
          }
        }
      }
    },
    "CancelButtonFn": {
      "description": "",
      "variables": {
        "detail": {
          "required": true,
          "type": "any",
          "input": "fromCaller"
        }
      },
      "root": "callModuleFunction1",
      "actions": {
        "callModuleFunction1": {
          "module": "vb/action/builtin/callModuleFunctionAction",
          "parameters": {
            "module": "{{$flow.functions}}",
            "functionName": "submitDisputeInfoToDA",
            "params": [
              "{{ $page.variables.data.postbackURL }}",
              "{{ $page.variables.cancelDispute }}"
            ]
          },
          "outcomes": {
            "success": "navigateToPage1"
          }
        },
        "navigateToPage1": {
          "module": "vb/action/builtin/navigateToPageAction",
          "parameters": {
            "page": "main-thanks"
          }
        }
      }
    }
  },
  "eventListeners": {
    "ojButton10080968061OjAction": {
      "chains": [
        {
          "chainId": "submitDisputeFn",
          "parameters": {
            "detail": "{{ $variables.disputeReason }}"
          }
        }
      ]
    },
    "ojButton4366295771OjAction": {
      "chains": [
        {
          "chainId": "CancelButtonFn",
          "parameters": {
            "detail": "{{ $event.detail }}"
          }
        }
      ]
    }
  },
  "imports": {
    "components": {
      "oj-form-layout": {
        "path": "ojs/ojformlayout"
      },
      "oj-input-text": {
        "path": "ojs/ojinputtext"
      },
      "oj-label": {
        "path": "ojs/ojlabel"
      },
      "oj-button": {
        "path": "ojs/ojbutton"
      },
      "oj-radioset": {
        "path": "ojs/ojradioset"
      },
      "oj-option": {
        "path": "ojs/ojoption"
      },
      "oj-text-area": {
        "path": "ojs/ojinputtext"
      },
      "oj-menu": {
        "path": "ojs/ojmenu"
      }
    }
  }
}