{
    "displayLabel": "data",
    "fields": [
        {
            "displayLabel": "Id",
            "internal": true,
            "key": true,
            "name": "id",
            "oid": "3620828d-6565-4840-979c-e963a858565b",
            "required": true,
            "type": "number",
            "unique": true
        },
        {
            "displayLabel": "Created",
            "internal": true,
            "name": "creationDate",
            "oid": "0d8da989-a2b3-476d-bdef-e5019139d243",
            "type": "datetime"
        },
        {
            "displayLabel": "Last Updated",
            "internal": true,
            "name": "lastUpdateDate",
            "oid": "e1c9593f-b58e-4a6a-ae3c-f0b8ed0b8627",
            "type": "datetime"
        },
        {
            "displayLabel": "Created By",
            "internal": true,
            "name": "createdBy",
            "oid": "64bebced-eb13-47a9-b21c-73a25c92bb95",
            "type": "string"
        },
        {
            "displayLabel": "Last Updated By",
            "internal": true,
            "name": "lastUpdatedBy",
            "oid": "0e6c3715-a883-49bf-93ab-a90f833d361d",
            "type": "string"
        },
        {
            "displayLabel": "<internal>",
            "hidden": true,
            "internal": true,
            "name": "abcsChangeNumber",
            "oid": "7dfaed9b-1e51-4362-99a7-e8327ce08562",
            "type": "number"
        },
        {
            "name": "answer1",
            "oid": "562a4b59-f458-4f3c-9fa0-c70ac98a5052",
            "displayLabel": "answer1",
            "type": "string"
        },
        {
            "name": "answer2",
            "oid": "910bfaf5-2b6c-4b15-80b5-6a00d4531d72",
            "displayLabel": "answer2",
            "type": "string"
        }
    ],
    "name": "Data",
    "oid": "122e653f-0aef-41ba-89a4-f2c04f6338d2",
    "security": {
        "type": "local",
        "acl": [
            {
                "roleId": "approle.anonymous.user",
                "privileges": [
                    {
                        "name": "view",
                        "value": true
                    },
                    {
                        "name": "create",
                        "value": true
                    },
                    {
                        "name": "update",
                        "value": false
                    },
                    {
                        "name": "delete",
                        "value": false
                    }
                ]
            },
            {
                "roleId": "approle.authenticated.user",
                "privileges": [
                    {
                        "name": "view",
                        "value": true
                    },
                    {
                        "name": "create",
                        "value": true
                    },
                    {
                        "name": "update",
                        "value": true
                    },
                    {
                        "name": "delete",
                        "value": true
                    }
                ]
            }
        ]
    }
}